name,ktc_value
Ja'Marr Chase,9998
Josh Allen,9995
Jayden Daniels,9958
Lamar Jackson,9705
Justin Jefferson,9324
Bijan Robinson,8605
Malik Nabers,8598
Jahmyr Gibbs,8340
Joe Burrow,8245
Brock Bowers,8242
CeeDee Lamb,8136
Jalen Hurts,7845
Ashton Jeanty,7744
Brian Thomas Jr.,7728
Puka Nacua,7441
Amon-Ra St. Brown,7427
Patrick Mahomes,6719
Drake London,6617
Drake Maye,6602
Trey McBride,6595
Nico Collins,6593
Justin Herbert,6465
Caleb Williams,6428
Ladd McConkey,6415
C.J. Stroud,6403
Marvin Harrison Jr.,6400
Bo Nix,6399
Saquon Barkley,6339
De'Von Achane,6261
Jaxon Smith-Njigba,6246
2025 Early 1st,6244
Omarion Hampton,6160
Garrett Wilson,6090
Jordan Love,5963
2027 Early 1st,5895
Bucky Irving,5882
A.J. Brown,5848
2026 Early 1st,5658
J.J. McCarthy,5644
Travis Hunter,5641
Tetairoa McMillan,5636
TreVeyon Henderson,5621
Brock Purdy,5617
Tee Higgins,5563
Kyler Murray,5511
Baker Mayfield,5498
Jonathan Taylor,5458
Cameron Ward,5451
Breece Hall,5442
Trevor Lawrence,5431
Michael Penix Jr.,5290
Rashee Rice,5271
2025 Mid 1st,5269
Sam LaPorta,5136
DeVonta Smith,5113
Kyren Williams,5090
Rome Odunze,5063
Emeka Egbuka,5040
Chase Brown,5009
2027 Mid 1st,4911
Kenneth Walker III,4876
Bryce Young,4858
Josh Jacobs,4856
2026 Mid 1st,4856
Kaleb Johnson,4793
Christian McCaffrey,4785
Jameson Williams,4703
James Cook,4692
2025 Late 1st,4675
Tyler Warren,4670
Xavier Worthy,4668
Jared Goff,4664
Derrick Henry,4622
Colston Loveland,4616
Dak Prescott,4607
Jordan Addison,4593
RJ Harvey,4591
DK Metcalf,4576
Zay Flowers,4558
Jaylen Waddle,4543
2027 Late 1st,4535
George Kittle,4461
George Pickens,4403
2026 Late 1st,4401
Terry McLaurin,4340
Chris Olave,4330
D.J. Moore,4329
Matthew Golden,4279
Quinshon Judkins,4235
Ricky Pearsall,4199
Chuba Hubbard,4148
Jaxson Dart,4108
Justin Fields,3964
T.J. Hockenson,3938
Luther Burden,3880
Josh Downs,3873
Mike Evans,3834
Tyreek Hill,3808
Jayden Higgins,3800
Tua Tagovailoa,3791
Jerry Jeudy,3725
2025 Early 2nd,3715
Alvin Kamara,3705
Brandon Aiyuk,3657
Davante Adams,3629
Jayden Reed,3620
Courtland Sutton,3597
Chris Godwin,3556
Tre Harris,3515
David Montgomery,3492
Joe Mixon,3491
Khalil Shakir,3481
Sam Darnold,3473
Cam Skattebo,3433
2026 Early 2nd,3402
Zach Charbonnet,3347
Tucker Kraft,3335
D'Andre Swift,3309
Keon Coleman,3309
2027 Early 2nd,3308
2025 Mid 2nd,3296
Isaiah Likely,3291
Trey Benson,3269
Jakobi Meyers,3252
Michael Pittman Jr.,3228
Brian Robinson Jr.,3224
Isiah Pacheco,3224
Geno Smith,3189
Kyle Williams,3187
Dalton Kincaid,3182
Travis Etienne,3180
James Conner,3164
David Njoku,3126
Kyle Pitts,3122
2026 Mid 2nd,3119
Jauan Jennings,3107
Tyrone Tracy Jr.,3087
Matthew Stafford,3072
Mark Andrews,3062
Calvin Ridley,3059
2027 Mid 2nd,3056
Jordan Mason,3047
Jack Bech,3038
Jalen Milroe,3033
Dylan Sampson,3009
Bhayshul Tuten,3008
Aaron Jones,2984
2025 Late 2nd,2977
Tony Pollard,2966
Anthony Richardson,2950
Jalen McMillan,2931
Mason Taylor,2904
Jaylin Noel,2900
Tyjae Spears,2899
Jaylen Warren,2896
Darnell Mooney,2872
Evan Engram,2849
2026 Late 2nd,2849
Marvin Mims Jr.,2831
Travis Kelce,2830
Deebo Samuel Sr.,2825
Stefon Diggs,2813
Xavier Legette,2808
Terrance Ferguson,2790
Braelon Allen,2789
2027 Late 2nd,2782
Rashid Shaheed,2778
Rashod Bateman,2769
Cooper Kupp,2764
Jake Ferguson,2763
Jaylen Wright,2753
Tank Bigsby,2748
Jaydon Blue,2748
Elijah Arroyo,2748
Tyler Shough,2740
Najee Harris,2722
Javonte Williams,2702
Cedric Tillman,2697
Brenton Strange,2693
J.K. Dobbins,2683
Ray Davis,2672
Daniel Jones,2650
Isaac Guerendo,2628
Adonai Mitchell,2598
Rachaad White,2585
Pat Bryant,2583
Cade Otton,2552
Rhamondre Stevenson,2551
Ben Sinnott,2540
Jonnu Smith,2507
Dallas Goedert,2506
Jalen Coker,2494
Tyler Allgeier,2492
MarShawn Lloyd,2475
2025 Early 3rd,2470
Jalen Royals,2468
Harold Fannin,2461
Wan'Dale Robinson,2442
Romeo Doubs,2441
DJ Giddens,2426
Jarquez Hunter,2423
Devin Neal,2412
Quentin Johnston,2405
Jonathon Brooks,2404
Shedeur Sanders,2391
Trevor Etienne,2391
DeMario Douglas,2390
Tank Dell,2387
Blake Corum,2374
Ja'Tavion Sanders,2347
2025 Mid 3rd,2344
Christian Kirk,2341
2026 Early 3rd,2338
Roschon Johnson,2334
Hollywood Brown,2307
Jordan James,2302
Christian Watson,2271
Elic Ayomanor,2256
Pat Freiermuth,2238
2027 Early 3rd,2233
Brashard Smith,2230
Roman Wilson,2212
Dontayvion Wicks,2190
Troy Franklin,2170
Ollie Gordon,2144
2026 Mid 3rd,2131
Dont'e Thornton,2112
Chigoziem Okonkwo,2110
2025 Late 3rd,2102
Cole Kmet,2099
Alec Pierce,2083
2027 Mid 3rd,2077
Rico Dowdle,2074
Russell Wilson,2058
Jerome Ford,2045
Theo Johnson,2032
Tahj Brooks,2027
Tory Horton,2019
Joe Milton,2013
Will Howard,2012
Isaac TeSlaa,2007
Hunter Henry,1983
Keaton Mitchell,1982
Kyle Monangai,1979
Mike Gesicki,1976
2026 Late 3rd,1973
Will Shipley,1967
Michael Mayer,1964
Joshua Palmer,1953
Kendre Miller,1949
Michael Wilson,1941
Aaron Rodgers,1924
Luke Musgrave,1913
Noah Gray,1907
Dalton Schultz,1904
Oronde Gadsden,1901
2027 Late 3rd,1892
Xavier Restrepo,1873
Sean Tucker,1864
Woody Marks,1859
Calvin Austin III,1857
Elijah Moore,1853
Dillon Gabriel,1852
Nick Chubb,1843
Audric Estime,1835
Andrei Iosivas,1831
Kayshon Boutte,1831
Austin Ekeler,1824
Zach Ertz,1792
Luke McCaffrey,1785
Tre Tucker,1783
Jordan Whittington,1783
Isaiah Davis,1782
Chimere Dike,1772
Jaylin Lane,1770
2025 Early 4th,1765
Malik Washington,1763
Savion Williams,1763
Dyami Brown,1755
Quinn Ewers,1748
Spencer Rattler,1740
Jalin Hyatt,1726
Damien Martinez,1713
Ja'Lynn Polk,1700
Jacory Croskey-Merritt,1699
2026 Early 4th,1696
Tai Felton,1685
Juwan Johnson,1667
2025 Mid 4th,1667
Jermaine Burton,1663
Gunnar Helm,1659
Darius Slayton,1657
2027 Early 4th,1652
Jaleel McLaughlin,1647
Jimmy Horn,1643
Adam Thielen,1640
AJ Barner,1634
Kirk Cousins,1618
Tutu Atwell,1606
Devaughn Vele,1601
2026 Mid 4th,1597
Elijah Mitchell,1584
Justice Hill,1568
Noah Fant,1559
Jalen Nailor,1556
DeAndre Hopkins,1554
Jacob Cowing,1548
Kareem Hunt,1536
2025 Late 4th,1532
Dawson Knox,1524
Parker Washington,1511
Darren Waller,1504
Zack Moss,1494
2027 Mid 4th,1492
Jameis Winston,1489
Tez Johnson,1475
Javon Baker,1463
Jalen Tolbert,1443
Miles Sanders,1440
Sam Howell,1434
Trey Palmer,1432
Luke Schoonmaker,1424
Erick All Jr.,1423
Malik Willis,1416
Kenny Pickett,1406
Malachi Corley,1388
Cade Stover,1386
Amari Cooper,1385
Curtis Samuel,1382
Jahan Dotson,1376
Keenan Allen,1367
Tyler Lockett,1367
Diontae Johnson,1348
Joe Flacco,1344
LeQuint Allen,1332
2026 Late 4th,1320
Devontez Walker,1319
Phil Mafah,1313
Mac Jones,1305
Tyler Conklin,1291
Tahj Washington,1287
Will Levis,1284
Emanuel Wilson,1283
Nick Westbrook-Ikhine,1282
Ty Johnson,1276
Devin Singletary,1269
KeAndre Lambert-Smith,1264
Kalel Mullings,1262
Riley Leonard,1242
Kimani Vidal,1230
Arian Smith,1225
Raheim Sanders,1200
Tyler Higbee,1198
Kenneth Gainwell,1198
Jonathan Mingo,1196
2027 Late 4th,1196
Rondale Moore,1193
Darnell Washington,1190
Khalil Herbert,1185
Greg Dortch,1178
Zach Wilson,1165
Daniel Bellinger,1154
Xavier Hutchinson,1152
Jared Wiley,1148
Nick Nash,1140
Donovan Edwards,1134
John Metchie III,1127
Dameon Pierce,1122
Israel Abanikanda,1115
Treylon Burks,1114
Colby Parkinson,1112
Jordan Watkins,1112
Ray-Ray McCloud,1108
Kendrick Bourne,1103
Chris Rodriguez Jr.,1103
Alexander Mattison,1102
Will Dissly,1100
Tommy Tremble,1093
Noah Brown,1087
Antonio Gibson,1086
Tyquan Thornton,1072
Hendon Hooker,1071
Cam Akers,1069
Bub Means,1050
Tyler Goodson,1045
Xavier Gipson,1039
Brandin Cooks,1036
A.J. Dillon,1031
Elijah Higgins,1026
Raheem Mostert,1024
Aidan O'Connell,1024
Frank Gore Jr.,1004
Brenden Rice,992
Bo Melton,987
Taysom Hill,983
Thomas Fidone,981
Gabe Davis,975
Rasheen Ali,974
Jake Bobo,972
Grant Calcaterra,970
Sincere McCormick,967
Zamir White,967
Efton Chism,958
Gardner Minshew,955
Ty Chandler,950
Drew Lock,949
Mason Rudolph,948
Brevin Jordan,943
Jamari Thrash,938
Greg Dulcich,934
Kendall Milton,928
JuJu Smith-Schuster,927
Johnny Wilson,924
Olamide Zaccheaus,914
Davis Allen,912
Ainias Smith,909
Demarcus Robinson,907
K.J. Osborn,906
Deuce Vaughn,891
David Bell,884
KaVontae Turpin,883
Tim Patrick,878
Emari Demercado,868
Tyler Johnson,867
Carson Steele,867
Trayveon Williams,864
Allen Lazard,859
Josh Reynolds,856
A.T. Perry,849
Marquez Valdes-Scantling,848
Kyle McCord,842
Zay Jones,840
Jeremy Ruckert,833
Mecole Hardman,832
Chris Brooks,832
KJ Hamler,831
Mason Tipton,830
Mack Hollins,827
Michael Carter,823
Jake Browning,821
Van Jefferson,812
Tyler Scott,804
Irv Smith Jr.,799
Derius Davis,798
Trey Sermon,796
Sione Vaki,788
Donovan Peoples-Jones,778
Isaiah Hodgins,775
Skyy Moore,774
Samaje Perine,772
Foster Moreau,766
Jaheim Bell,752
Tyler Badie,738
Terrace Marshall Jr.,728
Kenny McIntosh,726
Trey Lance,722
Luke Lachey,720
Brock Wright,719
Jelani Woods,718
Dylan Laube,701
Tylan Wallace,667
Tyler Huntley,640
Stone Smartt,634
Pierre Strong Jr.,630
Clyde Edwards-Helaire,627
Hassan Haskins,608
Erik Ezukanma,605
Tyson Bagent,600
Eric Gray,586
Jalen Reagor,584
Josh Oliver,581
Travis Homer,573
Jacoby Brissett,568
Kalif Raymond,566
Malik Heath,560
Dorian Thompson-Robinson,559
Devin Duvernay,553
Rakim Jarrett,544
Cedrick Wilson,540
Jake Haener,540
Julius Chestnut,538
Isaiah Bond,531
Josh Whyle,524
Justyn Ross,521
Justin Watson,489
Adam Trautman,487
Austin Hooper,475
Lil'Jordan Humphrey,473
Hunter Long,442
Harrison Bryant,440
Justin Shorter,432
Tip Reiman,424
Stetson Bennett,417
Joshua Dobbs,414
Ben Skowronek,391
DeeJay Dallas,387
Scotty Miller,381
Drew Sample,378
Cooper Rush,378
Marquez Callaway,373
