name,player_id,birth_date,position,ktc_value,sva_2024,future_value
Josh Allen,4984,1996-05-21,QB,9995,193.19063725490196,591.3960440368035
Ja'Marr Chase,7564,2000-03-01,WR,9998,211.2793431372549,452.6188606078879
Lamar Jackson,4881,1997-01-07,QB,9705,229.60960924369743,595.358261654542
Justin Jefferson,6794,1999-06-16,WR,9324,147.40205882352942,438.3957509085239
Jayden Daniels,11566,2000-12-18,QB,9958,144.24207843137256,582.1202219283566
Joe Burrow,6770,1996-12-10,QB,8245,180.92325569136744,489.7219631139663
Bijan Robinson,9509,2002-01-30,RB,8605,165.01040196078432,522.4163557070343
Malik Nabers,11632,2003-07-28,WR,8598,98.4576274509804,416.9749576353293
Brock Bowers,11604,2002-12-13,TE,8242,123.50200980392157,384.3171915116816
Jahmyr Gibbs,9221,2002-03-20,RB,8340,180.33892156862743,463.61643660386886
CeeDee Lamb,6786,1999-04-08,WR,8136,101.6101862745098,327.9686120364788
Jalen Hurts,6904,1998-08-07,QB,7845,132.8086041762159,439.9512342631265
Amon-Ra St. Brown,7547,1999-10-24,WR,7427,140.68452941176471,272.360555740975
Puka Nacua,9493,2001-05-29,WR,7441,95.05436274509805,295.6217418576568
Brian Thomas Jr.,11631,2002-10-08,WR,7728,71.4042843137255,334.43888248266086
Patrick Mahomes,4046,1995-09-17,QB,6719,99.27577450980392,325.28651744906693
Justin Herbert,6797,1998-03-10,QB,6465,37.52849019607842,331.1646521161603
Nico Collins,7569,1999-03-19,WR,6593,86.4486274509804,231.70735697636695
Saquon Barkley,4866,1997-02-09,RB,6339,190.24684313725487,304.67607822182873
C.J. Stroud,9758,2001-10-03,QB,6403,35.68447058823529,378.7615676875177
Jordan Love,6804,1998-11-02,QB,5963,59.30854901960783,317.8859118617788
Drake Maye,11564,2002-08-30,QB,6602,37.885568627450986,388.23333590296505
Jaxon Smith-Njigba,9488,2002-02-14,WR,6246,75.39124509803924,280.7798061683211
Marvin Harrison Jr.,11628,2002-08-11,WR,6400,22.886117647058825,291.73919665432544
Trey McBride,8130,1999-11-22,TE,6595,116.6295588235294,278.6753146413068
De'Von Achane,9226,2001-10-13,RB,6261,147.2845588235294,371.1235953703735
Caleb Williams,11560,2001-11-18,QB,6428,52.438852941176464,375.80934643078433
A.J. Brown,5859,1997-06-30,WR,5848,89.63504901960785,185.11271044011156
Drake London,8112,2001-07-24,WR,6617,74.59911764705882,278.64622277841215
Bo Nix,11563,2000-02-25,QB,6399,105.13300078940664,359.65981904918914
Garrett Wilson,8146,2000-07-22,WR,6090,72.84577450980393,231.9553351697557
Breece Hall,8155,2001-05-31,RB,5442,78.38165686274509,301.13256725296975
Ladd McConkey,11635,2001-11-11,WR,6415,75.61235294117647,284.9104021247681
Kyler Murray,5849,1997-08-07,QB,5511,89.69597058823528,281.19025036109366
Kyren Williams,8150,2000-08-26,RB,5090,129.40307843137256,286.8318243932606
Tee Higgins,6801,1999-01-18,WR,5563,95.88745098039216,201.31722783832888
Rashee Rice,10229,2000-04-22,WR,5271,17.224539215686274,211.10549578142013
Brock Purdy,8183,1999-12-27,QB,5617,108.98210533061707,315.9813006934807
Bucky Irving,11584,2002-08-19,RB,5882,81.08601960784314,348.5308292062737
Baker Mayfield,4892,1995-04-14,QB,5498,157.9095416857652,216.57486805704912
Jonathan Taylor,6813,1999-01-19,RB,5458,99.91174509803922,298.6124035127867
George Pickens,8137,2001-03-04,WR,4403,10.628117647058822,228.58788041457808
James Cook,8138,1999-09-25,RB,4692,114.1906568627451,268.5460554615285
Jared Goff,3163,1994-10-14,QB,4664,141.87256782106783,187.55244272912407
Jordan Addison,9756,2002-01-27,WR,4593,63.40007843137254,245.66990604431305
Josh Jacobs,5850,1998-02-11,RB,4856,102.24179411764705,258.99913419450775
Rome Odunze,11620,2002-06-03,WR,5063,-4.1580882352941195,235.63990201390632
DeVonta Smith,7525,1998-11-14,WR,5113,26.530098039215694,185.68249511105944
Sam LaPorta,10859,2001-01-12,TE,5136,40.72460784313726,263.8129556528311
Zay Flowers,9997,2000-09-11,WR,4558,33.42251960784314,216.9025392238507
Michael Penix Jr.,11559,2000-05-08,QB,5290,-3.851941176470589,294.5941758843689
Chase Brown,9224,2000-03-21,RB,5009,131.9684803921569,280.14110107576977
Kenneth Walker III,8151,2000-10-20,RB,4876,53.18813725490195,299.49335028630463
Trevor Lawrence,7523,1999-10-06,QB,5431,18.811368483150822,303.20518858754554
J.J. McCarthy,11565,2003-01-20,QB,5644,0,333.5969207120719
Chris Olave,8144,2000-06-27,WR,4330,-17.79135294117647,210.62601743720683
Jameson Williams,8148,2001-03-26,WR,4703,34.55788235294117,229.06584003798983
Anthony Richardson,9229,2002-05-22,QB,2950,-12.641627450980398,137.25174155165297
Tua Tagovailoa,6768,1998-03-02,QB,3791,39.81212745098039,250.7486334307551
DK Metcalf,5846,1997-12-14,WR,4576,-2.983627450980398,156.0742076123525
Bryce Young,9228,2001-07-25,QB,4858,6.807696078431372,316.8073118158405
Terry McLaurin,5927,1995-09-15,WR,4340,70.12558823529415,112.29957459324582
Xavier Worthy,11624,2003-04-27,WR,4668,-21.707745098039215,258.332360245334
Jaylen Waddle,7526,1998-11-25,WR,4543,12.038401960784311,173.10675366008752
Sam Darnold,4943,1997-06-05,QB,3473,112.9102450980392,157.06369937151828
Derrick Henry,3198,1994-01-04,RB,4622,141.06600980392156,177.81343314001992
Chuba Hubbard,7594,1999-06-11,RB,4148,97.27645098039218,274.9616758847198
Jayden Reed,10222,2000-04-28,WR,3620,2.1490392156862725,70.21122257615467
D.J. Moore,4983,1997-04-14,WR,4329,49.28205882352941,138.70289681510445
Brandon Aiyuk,6803,1998-03-17,WR,3657,-22.180696078431374,80.5984551110314
Dak Prescott,3294,1993-07-29,QB,4607,22.103401960784304,178.9615837914427
Christian McCaffrey,4034,1996-06-07,RB,4785,-3.710803921568629,220.60773624458503
David Montgomery,5892,1997-06-07,RB,3492,96.66671568627451,170.38750117116672
T.J. Hockenson,5844,1997-07-03,TE,3938,14.323725490196074,172.05039382123704
Keon Coleman,11637,2003-05-17,WR,3309,-6.846372549019607,86.83238131559682
Joe Mixon,4018,1996-07-24,RB,3491,92.3042156862745,159.22575488180215
Tyrone Tracy Jr.,11655,1999-11-23,RB,3087,20.64446078431373,130.13739856603874
Tyreek Hill,3321,1994-03-01,WR,3808,52.12660784313726,78.97175915516031
Isiah Pacheco,8205,1999-03-02,RB,3224,14.152401960784315,140.48340632532825
Mike Evans,2216,1993-08-21,WR,3834,82.18356862745097,73.70642791082888
Jerry Jeudy,6783,1999-04-24,WR,3725,20.720588235294116,87.37571016394956
Josh Downs,9500,2001-08-12,WR,3873,-11.730029411764704,138.74953079222863
Brian Robinson Jr.,8154,1999-03-22,RB,3224,25.887009803921572,137.202581279659
George Kittle,4217,1993-10-09,TE,4461,127.45759803921572,129.14639337986202
Chris Godwin,4037,1996-02-27,WR,3556,32.96367647058824,98.8797971115642
Zach Charbonnet,9753,2001-01-08,RB,3347,53.30523529411764,158.61659219956582
Dalton Kincaid,10236,1999-10-18,TE,3182,10.77661764705882,67.95938561816223
Khalil Shakir,8134,2000-02-03,WR,3481,10.126274509803924,66.8749187895485
Alvin Kamara,4035,1995-07-25,RB,3705,132.98263725490193,180.51561377452356
Ricky Pearsall,11638,2000-09-09,WR,4199,0,216.9616569892312
Tucker Kraft,9484,2000-11-03,TE,3335,1.444539215686273,87.76793764828903
Jalen McMillan,11618,2001-12-07,WR,2931,-5.383872549019609,34.890012104984734
Courtland Sutton,5045,1995-10-10,WR,3597,65.04361764705882,97.42609375173475
Mark Andrews,5012,1995-09-06,TE,3062,0.5944607843137231,51.78282270580143
Michael Pittman Jr.,6819,1997-10-05,WR,3228,-31.05658823529412,53.938482520555624
James Conner,4137,1995-05-05,RB,3164,102.06726470588237,108.98220659754143
Tank Dell,9502,1999-10-29,WR,2387,-12.407499999999995,17.651213705452435
Trey Benson,11589,2002-07-23,RB,3269,0,152.38755434195554
David Njoku,4033,1996-07-10,TE,3126,35.77754901960784,60.60077550376127
Kyle Pitts,7553,2000-10-06,TE,3122,0.3639705882352944,73.74931455210785
Xavier Legette,11626,2001-01-29,WR,2808,-11.878392156862745,32.501671309417674
Jonathon Brooks,11583,2003-07-21,RB,2404,0,127.21086678797356
Tank Bigsby,9225,2002-08-30,RB,2748,-3.9592156862745087,127.9030956152667
D'Andre Swift,6790,1999-01-14,RB,3309,33.943352941176464,150.35459662079973
Najee Harris,7528,1998-03-09,RB,2722,22.211607843137255,117.5846359855866
Darnell Mooney,7090,1997-10-29,WR,2872,37.30111764705884,44.91424006240268
Travis Etienne,7543,1999-01-26,RB,3180,1.8196568627450975,138.6267109875715
Jauan Jennings,7049,1997-07-10,WR,3107,16.917205882352935,45.05241899631259
J.K. Dobbins,6806,1998-12-17,RB,2683,43.88560784313725,111.53209799118784
Tony Pollard,5967,1997-04-30,RB,2966,50.95735294117647,127.72750154416158
Jakobi Meyers,5947,1996-11-09,WR,3252,18.99067647058824,46.51087163670616
Braelon Allen,11576,2004-01-20,RB,2789,-6.038921568627453,158.64639325534904
Cade Otton,8111,1999-04-15,TE,2552,18.205617647058823,52.603292251414665
Cooper Kupp,4039,1993-06-15,WR,2764,44.28679411764706,10.283370909898036
Tyjae Spears,9508,2001-06-15,RB,2899,-3.558382352941176,132.38610962798015
Deebo Samuel Sr.,5872,1996-01-15,WR,2825,1.973666666666665,27.493933291905613
Davante Adams,2133,1992-12-24,WR,3629,80.31126470588235,62.2494705734753
Rhamondre Stevenson,7611,1998-02-23,RB,2551,7.848617647058822,114.02260237533903
Rachaad White,8136,1999-01-12,RB,2585,51.64689215686274,110.23066556139683
Romeo Doubs,8121,2000-04-13,WR,2441,0.916127450980392,17.01276508046396
Aaron Jones,4199,1994-12-02,RB,2984,22.67176470588235,88.07620021942637
Rashid Shaheed,8676,1998-08-31,WR,2778,0,30.268702166613245
Isaiah Likely,8131,2000-04-18,TE,3291,-2.2131862745098045,69.390887084119
Jake Ferguson,8110,1999-01-18,TE,2763,2.2362745098039225,60.66135945329203
Geno Smith,1373,1990-10-10,QB,3189,47.635715686274494,94.64669069222045
Rico Dowdle,7021,1998-06-14,RB,2074,24.565549019607843,90.44653323231482
Christian Watson,8167,1999-05-12,WR,2271,0,13.685825180946097
Blake Corum,11586,2000-11-25,RB,2374,0,102.56550708765002
Adonai Mitchell,11625,2002-10-08,WR,2598,0,25.44786461626505
Jaylen Warren,8228,1998-11-01,RB,2896,13.350147058823527,127.92340892774553
Quentin Johnston,9754,2001-09-06,WR,2405,0,15.60365738357198
Matthew Stafford,421,1988-02-07,QB,3072,34.6004705882353,88.9568023909742
Travis Kelce,1466,1989-10-05,TE,2830,60.50294117647058,23.363567854016573
Cedric Tillman,10444,2000-04-19,WR,2697,1.8550490196078435,21.8953244843346
Jonnu Smith,4144,1995-08-22,TE,2507,25.519803921568627,34.21076502908766
Justin Fields,7591,1999-03-05,QB,3964,-7.498974255156607,275.05488755833335
Isaac Guerendo,11651,2000-06-28,RB,2628,15.93386274509804,105.05034832430276
Jaylen Wright,11643,2003-04-01,RB,2753,-13.986186274509803,139.66910551269223
Pat Freiermuth,7600,1998-10-25,TE,2238,2.9253921568627437,43.47055280519188
Russell Wilson,1234,1988-11-29,QB,2058,9.814754901960786,6.135797002941086
Calvin Ridley,4981,1994-12-20,WR,3059,15.433803921568629,27.171390220252633
Rashod Bateman,7571,1999-11-29,WR,2769,6.384754901960784,23.60868896622157
Jalen Coker,11646,2001-10-30,WR,2494,0,19.21353144696277
Marvin Mims Jr.,9494,2002-03-19,WR,2831,0,29.11715407699785
Audric Estime,11579,2003-09-06,RB,1835,0,92.52254140462698
Cole Kmet,6826,1999-03-10,TE,2099,-8.45200980392157,37.98476867489838
Stefon Diggs,2449,1993-11-29,WR,2813,33.275323529411764,13.419939185454348
Ray Davis,11575,1999-11-11,RB,2672,-6.858382352941176,111.24165572653668
Amari Cooper,2309,1994-06-17,WR,1385,-36.61503921568628,2.9065667843241183
Kendre Miller,9757,2002-06-11,RB,1949,0,80.71443248005978
Dontayvion Wicks,9486,2001-06-16,WR,2190,-0.5905392156862757,12.791536123581956
Hollywood Brown,5848,1997-06-04,WR,2307,0,24.580330244169595
Wan'Dale Robinson,8126,2001-01-05,WR,2442,-1.596225490196078,21.079549746333715
Evan Engram,4066,1994-09-02,TE,2849,5.417303921568627,33.539519407791005
Ja'Tavion Sanders,11600,2003-03-27,TE,2347,-1.5020098039215697,43.3900242190776
DeMario Douglas,9501,2000-12-08,WR,2390,1.185294117647059,18.19503456899936
Jerome Ford,8143,1999-09-12,RB,2045,14.507058823529412,90.23131758386224
Javonte Williams,7588,2000-04-25,RB,2702,9.491225490196085,114.62655830964138
Dallas Goedert,5022,1995-01-03,TE,2506,18.615784313725484,27.17947564252981
Tyler Allgeier,8132,2000-04-15,RB,2492,0,102.95639544769996
Ben Sinnott,11596,2002-06-14,TE,2540,0,44.73034973376145
Christian Kirk,4950,1996-11-18,WR,2341,-15.32555882352941,21.12098057124783
Alec Pierce,8142,2000-05-02,WR,2083,0,11.813034562314188
Noah Gray,7828,1999-04-30,TE,1907,-9.07700980392157,30.50918241771442
Jordan Mason,8408,1999-05-24,RB,3047,8.291588235294112,124.94253616833376
MarShawn Lloyd,11581,2001-01-05,RB,2475,0,110.3639936870418
Troy Franklin,11627,2003-02-06,WR,2170,0,13.538638271091491
Andrei Iosivas,10226,1999-10-15,WR,1831,0,14.205165597343928
Keenan Allen,1479,1992-04-27,WR,1367,3.229558823529416,0
Michael Wilson,10232,2000-02-23,WR,1941,0,15.13358925649678
Brenton Strange,9480,2000-12-27,TE,2693,-5.358921568627451,59.353288036613876
Will Levis,9999,1999-06-27,QB,1284,-12.969107843137255,74.32257276932128
Kimani Vidal,11647,2001-08-28,RB,1230,0,68.30959028225165
Ja'Lynn Polk,11619,2002-04-11,WR,1700,0,9.673479152486768
Derek Carr,2028,1991-03-28,QB,NA,21.594980392156863,0
Jaleel McLaughlin,11439,2000-09-13,RB,1647,-16.98142156862745,78.15171230665463
Kayshon Boutte,9504,2002-05-07,WR,1831,0,8.46021123542941
DeAndre Hopkins,1426,1992-06-06,WR,1554,-7.158294117647056,0
Keaton Mitchell,9511,2002-01-17,RB,1982,0,88.48214316164507
Roschon Johnson,10235,2001-01-31,RB,2334,1.8374509803921557,106.34938479884408
Elijah Moore,7596,2000-03-27,WR,1853,0,12.135308118286552
Luke McCaffrey,11650,2001-04-02,WR,1785,0,11.858528284428946
Theo Johnson,11597,2001-02-26,TE,2032,0,37.012876479004305
Sean Tucker,9506,2001-10-25,RB,1864,0,83.81391894792651
Dalton Schultz,5001,1996-07-11,TE,1904,-2.3633823529411746,27.31471719255138
Nick Chubb,4988,1995-12-27,RB,1843,-3.375098039215687,67.1542116248767
Chigoziem Okonkwo,8210,1999-09-08,TE,2110,0,35.416414093499114
Jermaine Burton,11640,2001-06-28,WR,1663,0,10.556248162449586
Parker Washington,9487,2002-03-21,WR,1511,0,8.854303992915035
Roman Wilson,11630,2001-06-19,WR,2212,0,12.778074035123494
Hunter Henry,3214,1994-12-07,TE,1983,-0.23352941176470665,15.283245201313738
Joshua Palmer,7670,1999-09-22,WR,1953,-1.225686274509803,13.828402076500945
Devaughn Vele,11834,1997-12-12,WR,1601,0,17.04097500794189
Erick All Jr.,11592,2000-09-13,TE,1423,0,27.83002187504036
Kirk Cousins,1166,1988-08-19,QB,1618,23.922578431372543,1.2080031181677648
Luke Musgrave,9481,2000-09-02,TE,1913,0,29.310201942786108
Tre Tucker,10213,2001-03-08,WR,1783,0,11.510477695931073
Jameis Winston,2306,1994-01-06,QB,1489,30.895009803921567,34.35686276439615
Michael Mayer,9482,2001-07-06,TE,1964,0,25.00470858126001
Malik Washington,11610,2001-01-04,WR,1763,0,14.908285464106614
Jalen Tolbert,8117,1999-02-27,WR,1443,0,14.59620521175419
Calvin Austin III,8125,1999-03-24,WR,1857,0,13.115780222353813
Nick Westbrook-Ikhine,7496,1997-03-21,WR,1282,-6.590539215686276,10.980936168406751
John Metchie III,8147,2000-07-18,WR,1127,0,10.175386059000772
Jordan Whittington,11623,2000-10-01,WR,1783,4.660529411764706,13.270296275614962
Spencer Rattler,11562,2000-09-28,QB,1740,0,82.89676085605727
Adam Thielen,1689,1990-08-22,WR,1640,-5.220882352941176,0
Diontae Johnson,5937,1996-07-05,WR,1348,-4.344676470588235,8.174837294470931
Mike Gesicki,4993,1995-10-03,TE,1976,0,23.28994524239313
Aidan O'Connell,10866,1998-09-01,QB,1024,-0.05580392156862679,76.54108142023304
Austin Ekeler,4663,1995-05-17,RB,1824,0.43661764705882167,58.06203674479167
Isaiah Davis,11571,2002-02-21,RB,1782,0,82.93992242700901
Jalen Nailor,8180,1999-03-02,WR,1556,0,15.12491839618266
Trey Palmer,9492,2001-04-02,WR,1432,0,11.038201419236009
Daniel Jones,5870,1997-05-27,QB,2650,8.861284313725488,114.16524155687202
Justice Hill,5995,1997-11-14,RB,1568,-12.934411764705882,86.7956823560127
Luke Schoonmaker,10871,1998-09-28,TE,1424,0,33.04972062941017
Cade Stover,11599,2000-06-12,TE,1386,0,25.481488764238648
Cam Akers,6938,1999-06-22,RB,1069,0,71.94113700187673
Gabe Davis,6943,1999-04-01,WR,975,-2.8753431372549025,9.982409945767367
Malachi Corley,11617,2002-03-21,WR,1388,0,8.542493938318458
Javon Baker,11645,2002-02-18,WR,1463,0,11.834752010442854
Noah Fant,5857,1997-11-20,TE,1559,3.4427450980392154,36.53848860286548
Alexander Mattison,5987,1998-06-19,RB,1102,6.613715686274508,77.3355187231238
Emanuel Wilson,11435,1999-05-08,RB,1283,-1.1483823529411763,76.70395355566484
Will Shipley,11577,2002-08-29,RB,1967,0,85.69069567990034
Antonio Gibson,6945,1998-06-23,RB,1086,5.055784313725489,76.60837989639643
Malik Willis,8161,1999-05-25,QB,1416,-14.348774509803922,74.33728962421236
Devin Singletary,6130,1997-09-03,RB,1269,-8.236127450980394,82.49285286858196
Zack Moss,6845,1997-12-15,RB,1494,-9.430196078431372,86.53263029507062
Will Dissly,5010,1996-07-08,TE,1100,-12.86509803921569,20.29823749090821
Ray-Ray McCloud,5096,1996-10-15,WR,1108,-6.543872549019608,7.28669382057211
Taysom Hill,4381,1990-08-23,TE,983,33.59,0
Dawson Knox,5906,1996-11-14,TE,1524,0,25.795127643229744
Mac Jones,7527,1998-09-05,QB,1305,0.33899633307868626,81.23736543266932
Juwan Johnson,7002,1996-09-13,TE,1667,6.86848039215686,26.269336444314725
Sincere McCormick,8220,2000-09-10,RB,967,0,69.23061552536605
Gus Edwards,5248,1995-04-13,RB,NA,11.44151960784314,0
Kareem Hunt,4098,1995-08-06,RB,1536,57.97058823529411,59.21495852020588
Zach Ertz,1339,1990-11-10,TE,1792,0.4932352941176488,2.0404893648297016
Aaron Rodgers,96,1983-12-02,QB,1924,-2.969578431372552,0
Jalin Hyatt,9497,2001-09-25,WR,1726,0,12.061556330112987
Tutu Atwell,7562,1999-10-07,WR,1606,0,13.669332126673131
Darnell Washington,9479,2001-08-17,TE,1190,0,22.56149256533489
Tyler Lockett,2374,1992-09-28,WR,1367,-15.537745098039217,0
Rondale Moore,7601,2000-06-09,WR,1193,0,10.31195474080307
Sam Howell,8162,2000-09-16,QB,1434,0,75.9966909033818
Khalil Herbert,7608,1998-04-21,RB,1185,0,82.86210653840978
Darius Slayton,6149,1997-01-12,WR,1657,-1.8821372549019628,13.005305542017954
Kenneth Gainwell,7567,1999-03-14,RB,1198,-6.97348039215686,78.5564068215644
Zamir White,8139,1999-09-18,RB,967,-6.808039215686275,71.24735196082875
Jonathan Mingo,10225,2001-04-20,WR,1196,0,10.412843966115547
Chris Rodriguez Jr.,10219,1999-09-26,RB,1103,0,72.60908199517418
Jahan Dotson,8119,2000-03-22,WR,1376,0,11.00560160438326
AJ Barner,11603,2002-05-03,TE,1634,0,18.858294759848665
Gardner Minshew,6011,1996-05-16,QB,955,2.9876960784313713,59.85868719548858
Greg Dortch,5970,1998-05-29,WR,1178,0,10.474108093701464
Xavier Hutchinson,10218,2000-06-01,WR,1152,-5.963039215686274,9.592069166946224
Noah Brown,4234,1996-01-06,WR,1087,0,6.142651611352011
Jacob Cowing,11616,2001-02-04,WR,1548,0,14.19537354148593
Dameon Pierce,8129,2000-02-19,RB,1122,0,75.66648695252097
Dyami Brown,7587,1999-11-01,WR,1755,0,14.045318457992083
Bub Means,11748,2001-01-10,WR,1050,0,13.060200975688224
Colby Parkinson,6865,1999-01-08,TE,1112,-1.0728431372549032,31.337326928214203
Devontez Walker,11629,2001-06-19,WR,1319,0,10.218560316542805
Curtis Samuel,4082,1996-08-11,WR,1382,0,8.279457474873997
Deshaun Watson,4017,1995-09-14,QB,NA,-4.527127450980394,0
Israel Abanikanda,9227,2002-10-05,RB,1115,0,65.09364319799401
Kendrick Bourne,4454,1995-08-04,WR,1103,0,4.744521611785258
KaVontae Turpin,8917,1996-08-02,WR,883,0,5.751457233827303
Ty Johnson,6039,1997-09-17,RB,1276,0,82.68092491258905
Daniel Bellinger,8225,2000-09-22,TE,1154,0,26.31995360715299
Elijah Mitchell,7561,1998-05-02,RB,1584,0,83.51063143387458
Ty Chandler,8230,1998-05-12,RB,950,-8.978382352941177,77.59073642601646
Drew Lock,5854,1996-11-10,QB,949,8.124662999745354,66.0735752285678
Tyler Conklin,5133,1995-07-30,TE,1291,-1.31093137254902,16.97733966847067
Hendon Hooker,9998,1998-01-13,QB,1071,0,84.38284978424014
Olamide Zaccheaus,6271,1997-07-23,WR,914,0,9.851330297430684
Treylon Burks,8135,2000-03-23,WR,1114,0,10.32959542148224
Brandin Cooks,2197,1993-09-25,WR,1036,0,0
Jordan Travis,11567,2000-05-02,QB,NA,0,0
Demarcus Robinson,3286,1994-09-21,WR,907,0,1.7282035776497997
Tommy Tremble,7694,2000-06-02,TE,1093,0,23.693082173378812
Cooper Rush,4574,1993-11-21,QB,378,28.239509803921557,27.75325362935896
Bo Melton,8204,1999-05-18,WR,987,0,8.834361427565012
Brenden Rice,11621,2002-03-18,WR,992,0,8.010958429006498
Emari Demercado,11199,1999-01-20,RB,868,0,77.69067315335136
Carson Steele,11582,2002-10-21,RB,867,0,63.4874165745006
Mike Williams,4068,1994-10-04,WR,NA,0,0
Johnny Wilson,11636,2001-04-03,WR,924,0,9.977439670179844
JuJu Smith-Schuster,4040,1996-11-22,WR,927,0,6.306415558074913
Rasheen Ali,11570,2001-02-16,RB,974,0,72.23194363600511
Xavier Gipson,11306,2001-03-08,WR,1039,0,9.730377166023814
Tim Patrick,4351,1993-11-23,WR,878,-17.124019607843138,0
Dylan Laube,11574,1999-12-14,RB,701,0,71.5462211044438
Marquez Valdes-Scantling,5086,1994-10-10,WR,848,-0.6395098039215679,1.633734758337828
Sione Vaki,11729,2001-07-30,RB,788,0,64.95062456183405
Foster Moreau,5985,1997-05-06,TE,766,0,25.518277926421664
Greg Dulcich,8172,2000-03-26,TE,934,0,26.287534196286728
Kenny Pickett,8160,1998-06-06,QB,1406,0,79.54367857621946
Raheem Mostert,2749,1992-04-09,RB,1024,-16.898480392156863,19.374252245090094
Tyler Goodson,8207,2000-11-10,RB,1045,1.7216176470588227,72.15461177425627
Trey Sermon,7593,1999-01-30,RB,796,0,77.2028518150765
Davis Allen,10214,2001-02-03,TE,912,0,27.25865824267881
Trey Lance,7610,2000-05-09,QB,722,0,65.28807879835696
Brevin Jordan,7568,2000-07-16,TE,943,0,23.6597985872301
Mason Rudolph,4972,1995-07-17,QB,948,8.386029411764705,49.97154669077331
Lil'Jordan Humphrey,5938,1998-04-19,WR,473,0,9.731151077014845
Allen Lazard,5185,1995-12-11,WR,859,5.547205882352941,4.5654776834043025
Jared Wiley,11595,2000-11-02,TE,1148,0,27.43679559394171
Dorian Thompson-Robinson,10862,1999-11-14,QB,559,0,69.47989016235167
Frank Gore Jr.,11573,2002-03-13,RB,1004,0,64.88146725625643
Chris Brooks,11370,2000-01-11,RB,832,0,73.99586551564401
Tyler Johnson,6960,1998-08-25,WR,867,0,10.623955324057588
Tahj Washington,11821,2001-05-16,WR,1287,0,9.39010113646532
Zach Wilson,7538,1999-08-03,QB,1165,0,73.09263502228113
Tyler Higbee,3271,1993-01-01,TE,1198,0,0.42033478015094367
Tyler Badie,8208,2000-02-07,RB,738,0,73.93239385027904
Jake Bobo,10867,1998-08-04,WR,972,0,10.797017047708373
Elijah Higgins,10231,2000-10-27,TE,1026,0,26.486948573080067
Ameer Abdullah,2359,1993-06-13,RB,NA,0,0
Kenny McIntosh,10216,2000-03-03,RB,726,0,70.9329132649931
Rakim Jarrett,9495,2001-01-24,WR,544,0,12.35861632044528
Hassan Haskins,8123,1999-11-26,RB,608,0,71.12981558423515
Eric Gray,10223,1999-11-04,RB,586,0,71.64378798149073
Joe Milton,11557,2000-03-06,QB,2013,0,89.61330438644447
Derius Davis,10234,2000-09-11,WR,798,0,10.635020167004964
Brock Wright,7891,1998-11-27,TE,719,0,27.8091900144222
Mason Tipton,11895,2000-09-27,WR,830,0,10.699567439323667
A.J. Dillon,6828,1998-05-02,RB,1031,0,78.42755570992827
Mecole Hardman,5917,1998-03-12,WR,832,0,8.951357091636966
Desmond Ridder,8159,1999-08-31,QB,NA,0,0
Tylan Wallace,7595,1999-05-13,WR,667,0,8.40291353010115
Jamari Thrash,11633,2000-12-19,WR,938,0,11.545082471592892
David Moore,4274,1995-01-15,WR,NA,0,0
Van Jefferson,6853,1996-07-26,WR,812,0,5.787201804029303
Jase McClellan,11590,2002-06-25,RB,NA,0,0
Jelani Woods,8219,1998-10-09,TE,718,0,27.964320337622397
Tyler Boyd,3225,1994-11-15,WR,NA,0,0
Mack Hollins,4177,1993-09-16,WR,827,0,0
Jake Browning,6111,1996-04-11,QB,821,0,58.44283850180203
Grant Calcaterra,8177,1998-12-04,TE,970,0,28.55513124487212
Deuce Vaughn,9505,2001-11-02,RB,891,0,67.02658183418666
Josh Reynolds,4171,1995-02-16,WR,856,0,1.895273830438472
K.J. Osborn,7066,1997-06-10,WR,906,0,9.773064116125518
Pierre Strong Jr.,8116,1998-12-10,RB,630,0,75.08682572545693
Ainias Smith,11615,2001-05-31,WR,909,0,9.116455851680485
Justin Watson,5374,1996-04-04,WR,489,0,6.376145764958045
Sterling Shepard,3200,1993-02-10,WR,NA,0,0
David Bell,8118,2000-12-14,WR,884,0,11.550990494160772
Jeremy Ruckert,8145,2000-08-11,TE,833,0,24.734355768769973
Lucas Krull,8249,1998-07-11,TE,NA,-6.905588235294117,0
Tyler Scott,9490,2001-10-12,WR,804,0,10.900199177578086
Adam Trautman,6869,1997-02-05,TE,487,0,23.15514452955968
Jaheim Bell,11605,2001-06-14,TE,752,0,20.67484974456067
Terrace Marshall Jr.,7565,2000-06-09,WR,728,0,9.472054012974048
Josh Oliver,5973,1997-03-21,TE,581,0,24.300852164295826
KJ Hamler,6805,1999-07-08,WR,831,0,9.83264594013568
Tommy DeVito,11292,1998-08-07,QB,NA,1.0476960784313718,0
Miles Sanders,6151,1997-05-01,RB,1440,0,79.67255470095627
D.J. Chark Jr.,4951,1996-09-23,WR,NA,0,0
Zay Jones,4080,1995-03-30,WR,840,0,2.4256372279718783
Tyler Huntley,7083,1998-02-03,QB,640,1.7930294117647063,81.60497843882382
Josh Whyle,10212,1999-09-08,TE,524,0,26.51135820256801
Julius Chestnut,8254,2000-10-26,RB,538,-4.52421568627451,71.45492608836727
Kylen Granson,7602,1998-03-27,TE,NA,0,0
Isaiah Hodgins,6920,1998-10-21,WR,775,0,11.135583755210066
Kendall Milton,11649,2002-02-10,RB,928,0,66.89633669155465
Cedrick Wilson,5113,1995-11-20,WR,540,0,4.823472588215177
Jacoby Brissett,3257,1992-12-11,QB,568,-1.7475370002546473,17.88200927150917
Samaje Perine,4147,1995-09-16,RB,772,-7.788686274509805,55.54535358579615
Clyde Edwards-Helaire,6820,1999-04-11,RB,627,0,75.83141028681686
D'Onta Foreman,4111,1996-04-24,RB,NA,0,0
Austin Hooper,3202,1994-10-29,TE,475,0,9.287351054476057
Malik Heath,11210,2000-03-31,WR,560,0,9.44633642516986
Skyy Moore,8168,2000-09-10,WR,774,0,10.51476618190543
Kalif Raymond,3634,1994-08-08,WR,566,0,2.171668840143863
DJ Turner,7989,1997-01-18,WR,NA,0,0
Drew Sample,6001,1996-04-16,TE,378,0,19.05543584077566
Ryan Flournoy,11783,1999-10-27,WR,NA,0,0
Tyson Bagent,11256,2000-06-08,QB,600,0,62.19931080427173
D'Ernest Johnson,6694,1996-02-27,RB,NA,0,0
Jalen Reagor,6798,1999-01-02,WR,584,0,12.06637600872794
Jamaal Williams,4149,1995-04-03,RB,NA,0,0
Hayden Hurst,4973,1993-08-24,TE,NA,0,0
Joshua Dobbs,4179,1995-01-26,QB,414,0,42.54759736368474
Stone Smartt,8583,1998-10-04,TE,634,0,28.179302451507503
Jake Haener,10215,1999-03-10,QB,540,0,74.62084866199264
Ronnie Bell,10221,2000-01-28,WR,NA,0,0
Andy Dalton,829,1987-10-29,QB,NA,2.8973627450980377,0
Charlie Kolar,8127,1999-02-10,TE,NA,0,0
Nelson Agholor,2325,1993-05-24,WR,NA,0,0
Ronnie Rivers,8195,1999-01-31,RB,NA,0,0
Craig Reynolds,6659,1996-06-15,RB,NA,-5.255882352941176,0
Joe Flacco,19,1985-01-16,QB,1344,22.79632574484339,0
Tip Reiman,11716,2001-09-17,TE,424,0,22.129987201186314
Travis Homer,6012,1998-08-07,RB,573,0,75.00512243311785
Ashton Dulin,6427,1997-05-15,WR,NA,0,0
Kyle Trask,7605,1998-03-06,QB,NA,0,0
Davis Mills,7585,1998-10-21,QB,NA,0,0
Marcus Mariota,2307,1993-10-30,QB,NA,0,0
Peyton Hendershot,8197,1999-04-23,TE,NA,0,0
Anthony Schwartz,7533,2000-09-05,WR,NA,0,0
Charlie Jones,10228,1998-10-29,WR,NA,0,0
Devin Duvernay,6847,1997-09-12,WR,553,0,10.949398990972814
DeeJay Dallas,6931,1998-09-16,RB,387,0,76.61210714640029
Chris Evans,7794,1997-10-05,RB,NA,0,0
Laviska Shenault,6814,1998-10-05,WR,NA,0,0
Justyn Ross,8140,1999-12-15,WR,521,0,10.996517424964164
Tyquan Thornton,8188,2000-08-07,WR,1072,0,10.670274297250277
Will Mallory,10220,1999-06-22,TE,NA,0,0
Deven Thompkins,8253,1999-12-23,WR,NA,0,0
Scotty Miller,6290,1997-07-31,WR,381,0,11.291710042063697
Justin Shorter,9489,2000-04-17,WR,432,0,9.463068425364748
Trayveon Williams,6144,1997-10-18,RB,864,0,80.2427386646117
Brandon Powell,5695,1995-09-12,WR,NA,0,0
Jarrett Stidham,6136,1996-08-08,QB,NA,0,0
Harrison Bryant,6850,1998-04-23,TE,440,0,29.06648320520523
Gerald Everett,4089,1994-06-25,TE,NA,0,0
Stetson Bennett,10857,1997-10-28,QB,417,0,79.79518288591662
Ihmir Smith-Marsette,7559,1999-08-29,WR,NA,0,0
Marquez Callaway,6989,1998-03-27,WR,373,0,10.288884236785917
Erik Ezukanma,8114,2000-01-25,WR,605,0,12.03089007994992
Chase Edmonds,5000,1996-04-13,RB,NA,0,0
Tanner Hudson,5409,1994-11-12,TE,NA,0,0
Bryce Ford-Wheaton,9499,2000-03-09,WR,NA,0,0
Tyrod Taylor,827,1989-08-03,QB,NA,0,0
Raheem Blackshear,8255,1998-06-05,RB,NA,-6.777549019607843,0
Jeff Wilson Jr.,5284,1995-11-16,RB,NA,0,0
Drew Ogletree,8489,1998-07-28,TE,NA,0,0
Cordarrelle Patterson,1535,1991-03-17,RB,NA,0,0
JaMycal Hasty,6996,1996-09-12,RB,NA,0,0
Jaelon Darden,7713,1999-01-14,WR,NA,0,0
Hunter Long,7535,1998-08-19,TE,442,0,27.48963934362786
Ben Skowronek,7757,1997-06-27,WR,391,0,10.661588711424972
Mo Alie-Cox,4054,1993-09-19,TE,NA,0,0
Mitchell Trubisky,3976,1994-08-20,QB,NA,0,0
A.T. Perry,10863,1999-10-26,WR,849,0,11.435857342587733
Carson Wentz,3161,1992-12-30,QB,NA,0,0
Donovan Peoples-Jones,6824,1999-02-19,WR,778,0,11.847015073599248
Ezekiel Elliott,3164,1995-07-22,RB,NA,-7.748382352941177,0
Joshua Kelley,7045,1997-11-20,RB,NA,0,0
Robert Woods,1352,1992-04-10,WR,NA,0,0
Deonte Harty,6234,1997-12-04,WR,NA,0,0
Ian Thomas,4995,1996-06-06,TE,NA,0,0
Clayton Tune,10217,1999-03-23,QB,NA,0,0
Skylar Thompson,8206,1997-06-04,QB,NA,0,0
Taylor Heinicke,2711,1993-03-15,QB,NA,0,0
Kadarius Toney,7606,1999-01-27,WR,NA,0,0
Nick Mullens,4464,1995-03-21,QB,NA,0,0
Trent Sherfield,5154,1996-02-25,WR,NA,0,0
Michael Pratt,11561,2001-09-30,QB,NA,0,0
Bailey Zappe,8157,1999-04-26,QB,NA,0,0
John Bates,7716,1997-11-06,TE,NA,0,0
Durham Smythe,5008,1995-08-09,TE,NA,0,0
Braxton Berrios,5121,1995-10-06,WR,NA,0,0
Nyheim Hines,5347,1996-11-12,RB,NA,0,0
Isaiah Spiller,8153,2001-08-09,RB,NA,0,0
Evan Hull,9220,2000-10-26,RB,NA,0,0
Sam Ehlinger,7583,1998-09-30,QB,NA,0,0
Hunter Renfrow,5955,1995-12-21,WR,NA,0,0
Royce Freeman,5046,1996-02-24,RB,NA,0,0
Russell Gage,5110,1996-01-22,WR,NA,0,0
Dalvin Cook,4029,1995-08-10,RB,NA,0,0
Irv Smith Jr.,6126,1998-08-09,TE,799,0,27.90095410290528
Jamison Crowder,2410,1993-06-17,WR,NA,0,0
Amari Rodgers,7540,1999-09-23,WR,NA,0,0
Quez Watkins,6927,1998-06-09,WR,NA,0,0
Michael Carter,7607,1999-05-07,RB,823,0,72.46751219768225
Ashton Jeanty,12527,2003-12-02,RB,7744,0,462.8750988330211
Omarion Hampton,12507,2003-03-16,RB,6160,0,378.2167290588631
Travis Hunter,12530,2003-05-18,WR,5641,0,261.5258102777717
Tetairoa McMillan,12526,2003-04-05,WR,5636,0,259.4083163284295
Cameron Ward,12522,2002-05-25,QB,5451,0,315.59245252419487
TreVeyon Henderson,12529,2002-10-22,RB,5621,0,349.4082008050634
Quinshon Judkins,12512,2003-10-29,RB,4235,0,304.9485331781839
Emeka Egbuka,12514,2002-10-14,WR,5040,0,256.4868932858046
Kaleb Johnson,12504,2003-08-14,RB,4793,0,370.412571624916
Tyler Warren,12518,2002-05-24,TE,4670,0,270.43472125175083
Colston Loveland,12517,2004-04-09,TE,4616,0,233.48743385462663
RJ Harvey,12489,2001-02-04,RB,4591,0,308.68098792271275
Matthew Golden,12501,2003-08-01,WR,4279,0,209.8701815356812
Jaxson Dart,12508,2003-05-13,QB,4108,0,273.69751220902884
Luther Burden,12519,2003-12-12,WR,3880,0,168.49179057820703
Jayden Higgins,12484,2002-12-15,WR,3800,0,121.01621032843492
Cam Skattebo,12481,2002-02-05,RB,3433,0,166.47643954465195
Tre Harris,12509,2002-02-28,WR,3515,0,86.40083494224103
Jack Bech,12483,2002-12-18,WR,3038,0,42.95703575897912
Jalen Milroe,12510,2002-12-13,QB,3033,0,160.24610367261576
Bhayshul Tuten,12490,2002-02-14,RB,3008,0,148.68356835260224
Jaylin Noel,12536,2002-09-04,WR,2900,0,36.58661692026639
Mason Taylor,12498,2004-05-08,TE,2904,0,115.07903665410956
Kyle Williams,12547,2002-11-13,WR,3187,0,50.042436930221015
Jaydon Blue,12457,2004-01-08,RB,2748,0,158.25816111971966
Dylan Sampson,12469,2004-09-14,RB,3009,0,207.0981034937987
Tyler Shough,12545,1999-09-28,QB,2740,0,119.8306190552371
Terrance Ferguson,12487,2003-03-07,TE,2790,0,69.84553274420983
Shedeur Sanders,12524,2002-02-07,QB,2391,0,108.32830556765848
Devin Neal,12476,2003-08-12,RB,2412,0,138.33400710209625
Jalen Royals,12505,2003-02-18,WR,2468,0,18.57424602623011
Harold Fannin,12506,2004-07-20,TE,2461,0,86.79125020671492
Elijah Arroyo,12521,2003-04-05,TE,2748,0,70.80237629651383
Trevor Etienne,12531,2004-07-09,RB,2391,0,148.3606683685213
Elic Ayomanor,12499,2003-06-03,WR,2256,0,17.622758895709282
Ollie Gordon,12495,2004-01-15,RB,2144,0,115.7297193165281
DJ Giddens,12471,2003-08-26,RB,2426,0,138.6026927275527
Will Howard,12511,2001-09-24,QB,2012,0,90.52203774351116
Jordan James,12467,2004-03-29,RB,2302,0,125.41447274062968
Pat Bryant,12492,2002-12-10,WR,2583,0,24.04105252719799
Dillon Gabriel,12486,2000-12-28,QB,1852,0,87.43967643819981
Jarquez Hunter,11569,2002-12-29,RB,2423,0,116.1380281569332
Tahj Brooks,12543,2002-05-13,RB,2027,0,90.40383918483148
Isaac TeSlaa,12535,2002-02-20,WR,2007,0,13.75267949569334
Tory Horton,12497,2002-11-29,WR,2019,0,12.001291228793407
Damien Martinez,12462,2004-01-31,RB,1713,0,80.01536913962936
Quinn Ewers,12500,2003-03-15,QB,1748,0,77.3254572528923
Savion Williams,12482,2001-11-22,WR,1763,0,12.309374485324764
Woody Marks,12474,2000-12-29,RB,1859,0,86.98740416963734
Tai Felton,12496,2003-03-15,WR,1685,0,7.608851359817199
Kyle Monangai,12534,2002-06-06,RB,1979,0,80.15802774197827
Xavier Restrepo,12520,2002-04-12,WR,1873,0,10.114667099933516
Tez Johnson,12485,2002-05-18,WR,1475,0,7.178661233009903
Gunnar Helm,12502,2002-09-06,TE,1659,0,19.660704306406785
Jaylin Lane,12641,2002-05-01,WR,1770,0,8.421603064540745
Brashard Smith,12455,2003-04-11,RB,2230,0,110.98184438979897
Oronde Gadsden,12493,2003-06-25,TE,1901,0,29.961089140116176
Jacory Croskey-Merritt,12533,2001-04-12,RB,1699,0,81.49253021119853
Isaiah Bond,12503,2004-03-15,WR,531,0,4.006004922708254
Riley Leonard,12470,2002-09-13,QB,1242,0,62.01000331845428
Kyle McCord,12494,2002-09-19,QB,842,0,54.165884420607426
Chimere Dike,12540,2001-12-14,WR,1772,0,12.41484211292788
LeQuint Allen,12544,2004-08-05,RB,1332,0,74.38256165420846
Donovan Edwards,12515,2003-02-25,RB,1134,0,62.33816632497307
Raheim Sanders,12472,2002-06-08,RB,1200,0,61.998082309776834
Phil Mafah,12738,2002-10-24,RB,1313,0,70.4987725081286
Dont'e Thornton,12541,2002-11-30,WR,2112,0,12.206013602974728
Luke Lachey,12725,2001-06-29,TE,720,0,20.7245681057316
Arian Smith,12539,2001-10-11,WR,1225,0,11.42601762634346
Blake Watson,11568,1999-10-14,RB,NA,0,0
Kurtis Rourke,12477,2000-10-25,QB,NA,0,0
Jimmy Horn,12523,2002-09-12,WR,1643,0,9.377488795504153
Nick Nash,12478,2000-08-02,WR,1140,0,10.965916625402722
KeAndre Lambert-Smith,12670,2001-10-16,WR,1264,0,11.720249395098234
Kalel Mullings,12516,2002-10-04,RB,1262,0,66.84669166245028
Tanner McKee,9230,2000-04-27,QB,NA,0,0
Montrell Johnson,12868,2002-10-13,RB,NA,0,0
Julian Hill,11371,2000-07-09,TE,NA,0,0
Tanner McLachlan,11598,1999-03-15,TE,NA,0,0
Efton Chism,12542,2001-10-26,WR,958,0,11.042469360894838
Jordan Watkins,12634,2002-02-15,WR,1112,0,10.97836875210396
Darren Waller,2505,1992-09-13,TE,1504,0,2.2775530742290098
Thomas Fidone,12715,2002-09-20,TE,981,0,16.676813707605724
Odell Beckham Jr.,2078,1992-11-05,WR,NA,0,0
Michael Thomas,3199,1993-03-03,WR,NA,0,0
Jerick McKinnon,2161,1992-05-03,RB,NA,0,0
Jawhar Jordan,11588,1999-08-18,RB,NA,0,0
Donald Parham Jr.,6074,1997-08-16,TE,NA,0,0
Zach Evans,9222,2001-05-30,RB,NA,0,0
Jimmy Garoppolo,1837,1991-11-02,QB,NA,0,0
Casey Washington,11806,2001-03-06,WR,NA,0,0
Logan Thomas,2251,1991-07-01,TE,NA,0,0
Dillon Johnson,11580,2001-06-15,RB,NA,0,0
Parris Campbell,5880,1997-07-16,WR,NA,0,0
Deneric Prince,10870,2000-04-11,RB,NA,0,0
Cody Schrader,11644,1999-09-08,RB,NA,0,0
Trenton Irwin,6598,1995-12-10,WR,NA,0,0
Salvon Ahmed,6918,1998-12-30,RB,NA,0,0
Chris Boswell,1945,1991-03-16,K,0,64.80245098039215,0
Brandon Aubrey,11533,1995-03-14,K,0,55.67745098039215,0
Denver Broncos,DEN,NA,DST,0,51.603431372549025,0
Ka'imi Fairbairn,3451,1994-01-29,K,0,48.143137254901966,0
Cameron Dicker,8259,2000-05-06,K,0,38.98235294117648,0
Pittsburgh Steelers,PIT,NA,DST,0,36.082745098039226,0
Buffalo Bills,BUF,NA,DST,0,32.88509803921569,0
Houston Texans,HOU,NA,DST,0,32.09392156862745,0
Jason Sanders,5119,1995-11-16,K,0,31.791176470588233,0
Philadelphia Eagles,PHI,NA,DST,0,28.30519607843138,0
Minnesota Vikings,MIN,NA,DST,0,26.9157843137255,0
Cincinnati Bengals,CIN,NA,DST,0,24.813823529411778,0
Chicago Bears,CHI,NA,DST,0,24.190196078431384,0
San Francisco 49ers,SF,NA,DST,0,22.18107843137256,0
Los Angeles Chargers,LAC,NA,DST,0,22.11754901960785,0
Green Bay Packers,GB,NA,DST,0,20.983921568627455,0
Chase McLaughlin,6650,1996-04-09,K,0,18.61372549019608,0
Jake Bates,11539,1999-03-03,K,0,17.79117647058824,0
Seattle Seahawks,SEA,NA,DST,0,17.071568627450986,0
Will Reichard,11792,2001-01-09,K,0,16.91617647058824,0
Harrison Butker,4227,1995-07-14,K,0,16.43774509803922,0
Baltimore Ravens,BAL,NA,DST,0,15.825882352941182,0
Tyler Bass,7042,1997-02-14,K,0,13.243137254901963,0
Kansas City Chiefs,KC,NA,DST,0,13.1657843137255,0
Wil Lutz,3678,1994-07-07,K,0,12.932843137254904,0
Tennessee Titans,TEN,NA,DST,0,12.396274509803924,0
Justin Tucker,1264,1989-11-21,K,0,11.74411764705883,0
Atlanta Falcons,ATL,NA,DST,0,11.36294117647059,0
Jake Elliott,4195,1995-01-21,K,0,9.852450980392163,0
Detroit Lions,DET,NA,DST,0,9.27352941176471,0
Miami Dolphins,MIA,NA,DST,0,8.904901960784317,0
Younghoe Koo,4666,1994-08-03,K,0,8.843137254901967,0
Anders Carlson,11008,1998-06-16,K,0,8.28921568627451,0
New Orleans Saints,NO,NA,DST,0,7.679901960784319,0
Tampa Bay Buccaneers,TB,NA,DST,0,7.395686274509815,0
Spencer Shrader,12185,1999-05-19,K,0,6.16421568627451,0
Cleveland Browns,CLE,NA,DST,0,5.204607843137257,0
Blake Grupe,11058,1998-11-05,K,0,4.511764705882354,0
Jake Moody,10937,1999-11-23,K,0,4.506372549019613,0
Dallas Cowboys,DAL,NA,DST,0,3.3401960784313793,0
Washington Commanders,WAS,NA,DST,0,2.8355882352941206,0
Austin Seibert,6219,1996-11-15,K,0,2.230882352941177,0
Jason Myers,2747,1991-05-12,K,0,2.101960784313728,0
Brayden Narveson,11949,1999-09-28,K,0,1.8117647058823536,0
Jacksonville Jaguars,JAX,NA,DST,0,1.7089215686274546,0
Daniel Carlson,5095,1995-01-23,K,0,1.3661764705882398,0
Matt Gay,6083,1994-03-15,K,0,0,0
Matthew Wright,6268,1996-03-22,K,0,0,0
Jeremy McNichols,4219,1995-12-26,RB,NA,0,0
Patrick Taylor,6963,1998-04-29,RB,NA,0,0
Brandon Allen,3357,1992-09-05,QB,NA,-0.25230392156862713,0
Chad Ryland,10955,1999-10-15,K,0,-1.644117647058824,0
Brandon McManus,1433,1991-07-25,K,0,-1.7191176470588232,0
New England Patriots,NE,NA,DST,0,-1.7956862745098032,0
Dare Ogunbowale,4718,1994-05-04,RB,NA,-2.408431372549022,0
Los Angeles Rams,LAR,NA,DST,0,-3.5080392156862725,0
Evan McPherson,7839,1999-07-21,K,0,-3.543627450980387,0
Nick Folk,650,1984-11-05,K,0,-3.846568627450979,0
New York Jets,NYJ,NA,DST,0,-4.919509803921562,0
Arizona Cardinals,ARI,NA,DST,0,-5.210392156862743,0
Indianapolis Colts,IND,NA,DST,0,-5.757745098039212,0
New York Giants,NYG,NA,DST,0,-13.585392156862742,0
